画像コード,除外,有効エリア,アノテーション対象,アノテーション回数,最終アノテーション更新日時,最終担当者,マージ日時,0:正常,1:汚れ,2:擦り跡,3:発塵痕,4:打痕、傷,5:異物,6:ウォーターマーク,7:残渣,8:ヒゲ,9:膜境界不良,10:コメット,11:タイガーストライプ,ノッチ,曖昧,不適,コメント,欠陥分類(順位),サンプル番号,狙い欠陥種,狙い欠陥種(番号)
2-09-01-A1-0033-O,,●,●,2,2024/12/03_11:04:14,M.S.,2024/12/03_11:26:15,,,,,,,,,,●,,,,,,,9:膜境界不良,209,膜境界不良,9:膜境界不良
2-09-01-A1-0034-O,,●,●,2,2024/12/03_11:04:17,M.S.,2024/12/03_11:26:15,,,,,,,,,,●,,,,,,,9:膜境界不良,209,膜境界不良,9:膜境界不良
2-09-01-A1-0035-O,,●,●,2,2024/12/03_11:04:19,M.S.,2024/12/03_11:26:15,,,,,,,,,,●,,,,,,,9:膜境界不良,209,膜境界不良,9:膜境界不良
2-09-01-A1-0036-O,,●,●,2,2024/12/03_11:04:21,M.S.,2024/12/03_11:26:15,,,,,,,,,,●,,,,,,,9:膜境界不良,209,膜境界不良,9:膜境界不良
2-09-01-A1-0037-O,,●,●,2,2024/12/03_11:04:24,M.S.,2024/12/03_11:26:15,,●,,,,,,,,●,,,,,,,9:膜境界不良,209,膜境界不良,9:膜境界不良
2-09-01-A1-0039-O,,●,●,2,2024/12/03_11:04:29,M.S.,2024/12/03_11:26:15,,●,,,,,,,,●,●,,,,,,9:膜境界不良,209,膜境界不良,9:膜境界不良
2-09-01-A1-0040-O,,●,●,2,2024/12/03_11:04:31,M.S.,2024/12/03_11:26:15,,●,,,,,,,,●,,,,,,,9:膜境界不良,209,膜境界不良,9:膜境界不良
2-09-01-A1-0041-O,,●,●,2,2024/12/26_15:26:06,M.S.,2024/12/26_17:29:39,,●,,,,,,,●,●,,,,,,,9:膜境界不良,209,膜境界不良,9:膜境界不良
2-09-01-A1-0042-O,,●,●,2,2024/12/09_15:51:11,W.K.,2024/12/09_16:08:01,,,,,,,,,●,●,,,,,,,9:膜境界不良,209,膜境界不良,9:膜境界不良
2-09-01-A1-0043-O,,●,●,2,2024/12/09_15:51:12,W.K.,2024/12/09_16:08:01,,,,,,,,,●,●,,,,,,,9:膜境界不良,209,膜境界不良,9:膜境界不良
2-09-01-A1-0044-O,,●,●,1,2024/12/03_11:04:53,M.S.,2024/12/03_11:26:15,,,,,,,,,,●,,,,,,,9:膜境界不良,209,膜境界不良,9:膜境界不良
2-09-01-A1-0045-O,,●,●,1,2024/12/03_11:04:55,M.S.,2024/12/03_11:26:15,,,,,,,,,,●,,,,,,,9:膜境界不良,209,膜境界不良,9:膜境界不良
2-09-01-A1-0046-O,,●,●,1,2024/12/03_11:04:57,M.S.,2024/12/03_11:26:15,,,,,,,,,,●,,,,,,,9:膜境界不良,209,膜境界不良,9:膜境界不良
2-09-01-A1-0047-O,,●,●,1,2024/12/03_11:04:59,M.S.,2024/12/03_11:26:15,,,,,,,,,,●,,,,,,,9:膜境界不良,209,膜境界不良,9:膜境界不良
2-09-01-A1-0048-O,,●,●,1,2024/12/03_11:05:01,M.S.,2024/12/03_11:26:15,,,,,,,,,,●,,,,,,,9:膜境界不良,209,膜境界不良,9:膜境界不良
2-09-01-A1-0049-O,,●,●,2,2024/12/26_14:04:59,M.S.,2024/12/26_15:20:07,,,,,,,,,,●,●,,,,,,9:膜境界不良,209,膜境界不良,9:膜境界不良
2-09-01-A1-0050-O,,●,●,1,2024/12/03_11:05:06,M.S.,2024/12/03_11:26:15,,,,,,,,,,●,,,,,,,9:膜境界不良,209,膜境界不良,9:膜境界不良
2-09-01-A1-0051-O,,●,●,2,2024/12/26_14:05:05,M.S.,2024/12/26_15:20:07,,,,,,,,,●,●,,,,,,,9:膜境界不良,209,膜境界不良,9:膜境界不良
2-09-01-A1-0052-O,,●,●,2,2024/12/26_14:05:08,M.S.,2024/12/26_15:20:07,,,,,,,,,●,●,,,,,,,9:膜境界不良,209,膜境界不良,9:膜境界不良
2-09-01-A1-0053-O,,●,●,2,2024/12/03_11:05:14,M.S.,2024/12/03_11:26:15,,,,,,,,,,●,,,,,,,9:膜境界不良,209,膜境界不良,9:膜境界不良
2-09-01-A1-0054-O,,●,●,2,2024/12/03_11:05:17,M.S.,2024/12/03_11:26:15,,,,,,,,,,●,●,,,,,,9:膜境界不良,209,膜境界不良,9:膜境界不良
2-09-01-A1-0055-O,,●,●,2,2024/12/03_11:05:19,M.S.,2024/12/03_11:26:15,,,,,,,,,,●,,,,,,,9:膜境界不良,209,膜境界不良,9:膜境界不良
2-09-01-A1-0058-O,,●,●,2,2024/12/03_11:05:27,M.S.,2024/12/03_11:26:15,,,,,,,,,,●,,,,,,,9:膜境界不良,209,膜境界不良,9:膜境界不良
2-09-01-A1-0059-O,,●,●,2,2024/12/03_11:05:29,M.S.,2024/12/03_11:26:15,,,,,,,,,,●,,,,,,,9:膜境界不良,209,膜境界不良,9:膜境界不良
2-09-01-A1-0060-O,,●,●,2,2024/12/03_11:05:32,M.S.,2024/12/03_11:26:15,,,,,,,,,,●,,,,,,,9:膜境界不良,209,膜境界不良,9:膜境界不良
2-09-01-A1-0061-O,,●,●,2,2024/12/03_11:05:34,M.S.,2024/12/03_11:26:15,,●,,,,,,,,●,,,,,,,9:膜境界不良,209,膜境界不良,9:膜境界不良
2-09-01-A1-0062-O,,●,●,2,2024/12/03_11:05:37,M.S.,2024/12/03_11:26:15,,,,,,,,,,●,,,,,,,9:膜境界不良,209,膜境界不良,9:膜境界不良
2-09-01-A1-0063-O,,●,●,2,2024/12/03_11:05:40,M.S.,2024/12/03_11:26:15,,●,,,,,,,,●,●,,,,,,9:膜境界不良,209,膜境界不良,9:膜境界不良
2-09-01-A1-0064-O,,●,●,2,2024/12/03_11:05:44,M.S.,2024/12/03_11:26:15,,●,,,,,,,,●,,,,,,,9:膜境界不良,209,膜境界不良,9:膜境界不良
2-09-01-A1-0065-O,,●,●,2,2024/12/03_11:05:47,M.S.,2024/12/03_11:26:15,,,,,,,,,,●,,,,,,,9:膜境界不良,209,膜境界不良,9:膜境界不良
2-09-01-A1-0066-O,,●,●,2,2024/12/03_11:05:49,M.S.,2024/12/03_11:26:15,,●,,,,,,,,●,,,,,,,9:膜境界不良,209,膜境界不良,9:膜境界不良
2-09-01-A1-0067-O,,●,●,2,2024/12/03_11:05:51,M.S.,2024/12/03_11:26:15,,●,,,,,,,,●,●,,,,,,9:膜境界不良,209,膜境界不良,9:膜境界不良
2-09-01-A1-0068-O,,●,●,3,2024/12/03_11:05:53,M.S.,2024/12/03_11:26:15,,●,,,,,,,,●,●,,,,,,9:膜境界不良,209,膜境界不良,9:膜境界不良
2-09-01-A1-0069-O,,●,●,2,2024/12/03_11:05:56,M.S.,2024/12/03_11:26:15,,●,,,,,,,,●,●,,,,,,9:膜境界不良,209,膜境界不良,9:膜境界不良
2-09-01-A1-0070-O,,●,●,2,2024/12/03_11:05:58,M.S.,2024/12/03_11:26:15,,●,,,,,,,,●,●,,,,,,9:膜境界不良,209,膜境界不良,9:膜境界不良
2-09-01-A1-0071-O,,●,●,2,2024/12/03_11:06:00,M.S.,2024/12/03_11:26:15,,●,,,,,,,,●,●,,,,,,9:膜境界不良,209,膜境界不良,9:膜境界不良
2-09-01-A1-0072-O,,●,●,2,2024/12/03_11:06:03,M.S.,2024/12/03_11:26:15,,●,,,,,,,,●,●,,,,,,9:膜境界不良,209,膜境界不良,9:膜境界不良
2-09-01-A1-0073-O,,●,●,2,2024/12/03_11:06:05,M.S.,2024/12/03_11:26:15,,●,,,,,,,,●,●,,,,,,9:膜境界不良,209,膜境界不良,9:膜境界不良
2-09-01-A1-0074-O,,●,●,1,2024/12/03_11:06:10,M.S.,2024/12/03_11:26:15,,●,,,,,,,,●,●,,,,,,9:膜境界不良,209,膜境界不良,9:膜境界不良
2-09-01-A1-0075-O,,●,●,1,2024/12/03_11:06:13,M.S.,2024/12/03_11:26:15,,,,,,,,,,●,,,,,,,9:膜境界不良,209,膜境界不良,9:膜境界不良
2-09-01-A1-0077-O,,●,●,2,2024/12/26_14:51:23,M.S.,2024/12/26_15:20:07,,●,,,,,,,,●,●,,,,,,9:膜境界不良,209,膜境界不良,9:膜境界不良
2-09-01-A1-0078-O,,●,●,1,2024/12/03_11:06:25,M.S.,2024/12/03_11:26:15,,●,,,,,,,,●,●,,,,,,9:膜境界不良,209,膜境界不良,9:膜境界不良
2-09-01-A1-0079-O,,●,●,1,2024/12/03_11:06:30,M.S.,2024/12/03_11:26:15,,●,,,,,,,,●,●,,,,,,9:膜境界不良,209,膜境界不良,9:膜境界不良
2-09-01-A1-0082-O,,●,●,1,2024/12/03_11:06:46,M.S.,2024/12/03_11:26:15,,,,,,,,,,●,,,,,,,9:膜境界不良,209,膜境界不良,9:膜境界不良
2-09-01-A1-0083-O,,●,●,1,2024/12/03_11:06:49,M.S.,2024/12/03_11:26:15,,,,,,,,,,●,,,,,,,9:膜境界不良,209,膜境界不良,9:膜境界不良
2-09-01-A1-0084-O,,●,●,1,2024/12/03_11:06:52,M.S.,2024/12/03_11:26:15,,,,,,,,,,●,,,,,,,9:膜境界不良,209,膜境界不良,9:膜境界不良
2-09-01-A1-0085-O,,●,●,1,2024/12/03_11:06:55,M.S.,2024/12/03_11:26:15,,,,,,,,,,●,,,,,,,9:膜境界不良,209,膜境界不良,9:膜境界不良
2-09-01-A1-0086-O,,●,●,1,2024/12/03_11:06:59,M.S.,2024/12/03_11:26:15,,,,,,,,,,●,,,,,,,9:膜境界不良,209,膜境界不良,9:膜境界不良
2-09-01-A1-0087-O,,●,●,1,2024/12/03_11:07:02,M.S.,2024/12/03_11:26:15,,,,,,,,,,●,●,,,,,,9:膜境界不良,209,膜境界不良,9:膜境界不良
2-09-01-A1-0088-O,,●,●,1,2024/12/03_11:07:04,M.S.,2024/12/03_11:26:15,,,,,,,,,,●,,,,,,,9:膜境界不良,209,膜境界不良,9:膜境界不良
2-09-01-A1-0090-O,,●,●,1,2024/12/03_11:07:10,M.S.,2024/12/03_11:26:15,,,,,,,,,,●,,,,,,,9:膜境界不良,209,膜境界不良,9:膜境界不良
2-09-01-A1-0091-O,,●,●,1,2024/12/03_11:07:17,M.S.,2024/12/03_11:26:15,,●,,,,,,,,●,●,,,,,,9:膜境界不良,209,膜境界不良,9:膜境界不良
2-09-01-A1-0092-O,,●,●,1,2024/12/03_11:07:23,M.S.,2024/12/03_11:26:15,,,,,,,,,,●,,,●,,,,9:膜境界不良,209,膜境界不良,9:膜境界不良
2-09-01-A1-0093-O,,●,●,1,2024/12/03_11:07:27,M.S.,2024/12/03_11:26:15,,,,,,,,,,●,,,●,,,,9:膜境界不良,209,膜境界不良,9:膜境界不良
2-09-01-A1-0094-O,,●,●,1,2024/12/03_11:07:36,M.S.,2024/12/03_11:26:15,,,,,,,,,,●,,,●,,,,9:膜境界不良,209,膜境界不良,9:膜境界不良
2-09-01-A1-0095-O,,●,●,1,2024/12/03_11:07:40,M.S.,2024/12/03_11:26:15,,●,,,,,,,,●,●,,,,,,9:膜境界不良,209,膜境界不良,9:膜境界不良
2-09-01-A1-0096-O,,●,●,1,2024/12/03_11:07:50,M.S.,2024/12/03_11:26:15,,●,,,,,,,,●,●,,,,,,9:膜境界不良,209,膜境界不良,9:膜境界不良
2-09-01-A1-0100-O,,●,●,1,2024/12/03_11:08:18,M.S.,2024/12/03_11:26:15,,,,,,,,,,●,,,,,,,9:膜境界不良,209,膜境界不良,9:膜境界不良
2-09-01-A1-0101-O,,●,●,1,2024/12/03_11:08:31,M.S.,2024/12/03_11:26:15,,,,,,,,,,●,,,,,,,9:膜境界不良,209,膜境界不良,9:膜境界不良
2-09-01-A1-0102-O,,●,●,2,2024/12/26_14:59:25,M.S.,2024/12/26_15:20:07,,,,,,,,,●,●,,,,,,,9:膜境界不良,209,膜境界不良,9:膜境界不良
2-09-01-A1-0103-O,,●,●,2,2024/12/26_14:59:28,M.S.,2024/12/26_15:20:07,,,,,,,,,●,●,,,,,,,9:膜境界不良,209,膜境界不良,9:膜境界不良
2-09-01-A1-0104-O,,●,●,1,2024/12/03_11:09:23,M.S.,2024/12/03_11:26:15,,,,,,,,,,●,,,,,,,9:膜境界不良,209,膜境界不良,9:膜境界不良
2-09-01-A1-0105-O,,●,●,1,2024/12/03_11:09:25,M.S.,2024/12/03_11:26:15,,,,,,,,,,●,,,,,,,9:膜境界不良,209,膜境界不良,9:膜境界不良
2-09-01-A1-0106-O,,●,●,1,2024/12/03_11:09:27,M.S.,2024/12/03_11:26:15,,,,,,,,,,●,,,,,,,9:膜境界不良,209,膜境界不良,9:膜境界不良
2-09-01-A1-0107-O,,●,●,1,2024/12/03_11:09:30,M.S.,2024/12/03_11:26:15,,●,,,,,,,,●,,,,,,,9:膜境界不良,209,膜境界不良,9:膜境界不良
2-09-01-A1-0108-O,,●,●,1,2024/12/03_11:09:34,M.S.,2024/12/03_11:26:15,,●,,,,,,,,●,,,,,,,9:膜境界不良,209,膜境界不良,9:膜境界不良
2-09-01-A1-0109-O,,●,●,1,2024/12/03_11:09:39,M.S.,2024/12/03_11:26:15,,●,,,,,,,,●,●,,,,,,9:膜境界不良,209,膜境界不良,9:膜境界不良
2-09-01-A1-0110-O,,●,●,1,2024/12/03_11:09:43,M.S.,2024/12/03_11:26:15,,,,,,,,,,●,●,,,,,,9:膜境界不良,209,膜境界不良,9:膜境界不良
2-09-01-A1-0111-O,,●,●,1,2024/12/03_11:09:46,M.S.,2024/12/03_11:26:15,,,,,,,,,,●,●,,,,,,9:膜境界不良,209,膜境界不良,9:膜境界不良
2-09-01-A1-0112-O,,●,●,1,2024/12/03_11:09:49,M.S.,2024/12/03_11:26:15,,,,,,,,,,●,●,,,,,,9:膜境界不良,209,膜境界不良,9:膜境界不良
2-09-01-A1-0113-O,,●,●,1,2024/12/03_11:09:53,M.S.,2024/12/03_11:26:15,,,,,,,,,,●,●,,,,,,9:膜境界不良,209,膜境界不良,9:膜境界不良
2-09-01-A1-0114-O,,●,●,1,2024/12/03_11:09:56,M.S.,2024/12/03_11:26:15,,,,,,,,,,●,●,,,,,,9:膜境界不良,209,膜境界不良,9:膜境界不良
2-09-01-A1-0115-O,,●,●,1,2024/12/03_11:09:58,M.S.,2024/12/03_11:26:15,,,,,,,,,,●,,,,,,,9:膜境界不良,209,膜境界不良,9:膜境界不良
2-09-01-A1-0117-O,,●,●,1,2024/12/03_11:10:39,M.S.,2024/12/03_11:26:15,,,,,,,,,,●,,,,,,,9:膜境界不良,209,膜境界不良,9:膜境界不良
2-09-01-A1-0118-O,,●,●,1,2024/12/03_11:10:41,M.S.,2024/12/03_11:26:15,,,,,,,,,,●,,,,,,,9:膜境界不良,209,膜境界不良,9:膜境界不良
2-09-01-A1-0119-O,,●,●,1,2024/12/03_11:10:43,M.S.,2024/12/03_11:26:15,,,,,,,,,,●,,,,,,,9:膜境界不良,209,膜境界不良,9:膜境界不良
2-09-01-A1-0124-O,,●,●,2,2024/12/26_15:04:15,M.S.,2024/12/26_15:20:07,,,,,,,,,●,●,,,,,,,9:膜境界不良,209,膜境界不良,9:膜境界不良
2-09-01-A1-0125-O,,●,●,2,2024/12/26_15:04:17,M.S.,2024/12/26_15:20:07,,,,,,,,,●,●,,,,,,,9:膜境界不良,209,膜境界不良,9:膜境界不良
2-09-01-A1-0126-O,,●,●,2,2024/12/26_15:04:19,M.S.,2024/12/26_15:20:07,,,,,,,,,●,●,,,,,,,9:膜境界不良,209,膜境界不良,9:膜境界不良
2-09-01-A1-0128-O,,●,●,1,2024/12/03_11:11:04,M.S.,2024/12/03_11:26:15,,●,,,,,,,,●,,,,,,,9:膜境界不良,209,膜境界不良,9:膜境界不良
2-09-01-A1-0129-O,,●,●,1,2024/12/03_11:11:08,M.S.,2024/12/03_11:26:15,,●,,,,,,,,●,,,,,,,9:膜境界不良,209,膜境界不良,9:膜境界不良
2-09-01-A1-0130-O,,●,●,1,2024/12/03_11:11:12,M.S.,2024/12/03_11:26:15,,●,,,,,,,,●,●,,,,,,9:膜境界不良,209,膜境界不良,9:膜境界不良
2-09-01-A1-0131-O,,●,●,1,2024/12/03_11:11:16,M.S.,2024/12/03_11:26:15,,●,,,,,,,,●,●,,,,,,9:膜境界不良,209,膜境界不良,9:膜境界不良
2-09-01-A1-0132-O,,●,●,1,2024/12/03_11:11:23,M.S.,2024/12/03_11:26:15,,●,,,,,,,,●,●,,,,,,9:膜境界不良,209,膜境界不良,9:膜境界不良
2-09-01-A1-0133-O,,●,●,1,2024/12/03_11:12:01,M.S.,2024/12/03_11:26:15,,,,,,,,,,●,●,,,,,,9:膜境界不良,209,膜境界不良,9:膜境界不良
2-09-01-A1-0141-O,,●,●,1,2024/12/03_11:13:17,M.S.,2024/12/03_11:26:15,,,,,,,,,,●,,,,,,,9:膜境界不良,209,膜境界不良,9:膜境界不良
2-09-01-A1-0144-O,,●,●,2,2024/12/26_15:04:56,M.S.,2024/12/26_15:20:07,,●,,,,,,,,●,,,,,,,9:膜境界不良,209,膜境界不良,9:膜境界不良
2-09-01-A1-0145-O,,●,●,2,2024/12/26_15:04:59,M.S.,2024/12/26_15:20:07,,●,,,,,,,,●,,,,,,,9:膜境界不良,209,膜境界不良,9:膜境界不良
2-09-01-A1-0146-O,,●,●,1,2024/12/03_11:13:40,M.S.,2024/12/03_11:26:15,,,,,,,,,,●,●,,,,,,9:膜境界不良,209,膜境界不良,9:膜境界不良
2-09-01-A1-0147-O,,●,●,1,2024/12/03_11:13:59,M.S.,2024/12/03_11:26:15,,,,,,,,,,●,●,,,,,,9:膜境界不良,209,膜境界不良,9:膜境界不良
2-09-01-A1-0148-O,,●,●,1,2024/12/03_11:14:02,M.S.,2024/12/03_11:26:15,,,,,,,,,,●,●,,,,,,9:膜境界不良,209,膜境界不良,9:膜境界不良
2-09-01-A1-0149-O,,●,●,1,2024/12/03_11:14:05,M.S.,2024/12/03_11:26:15,,,,,,,,,,●,●,,,,,,9:膜境界不良,209,膜境界不良,9:膜境界不良
2-09-01-A1-0150-O,,●,●,1,2024/12/03_11:14:08,M.S.,2024/12/03_11:26:15,,●,,,,,,,,●,●,,,,,,9:膜境界不良,209,膜境界不良,9:膜境界不良
2-09-01-A1-0151-O,,●,●,2,2025/01/06_15:22:17,M.S.,2025/01/06_15:43:13,,,,,,,,,,●,●,,,,,,9:膜境界不良,209,膜境界不良,9:膜境界不良
2-09-01-A1-0273-O,,●,●,1,2024/12/03_11:14:32,M.S.,2024/12/03_11:26:15,,,,,,,,,,●,●,,,,,,9:膜境界不良,209,膜境界不良,9:膜境界不良
2-09-01-A1-0274-O,,●,●,2,2024/12/03_11:15:35,M.S.,2024/12/03_11:26:15,,●,,,,,,,,●,●,,,,,,9:膜境界不良,209,膜境界不良,9:膜境界不良
2-09-01-A1-0275-O,,●,●,1,2024/12/03_11:15:42,M.S.,2024/12/03_11:26:15,,●,,,,,,,,●,,,,,,,9:膜境界不良,209,膜境界不良,9:膜境界不良
2-09-01-A1-0278-O,,●,●,1,2024/12/03_11:15:56,M.S.,2024/12/03_11:26:15,,●,,,,,,,,●,●,,,,,,9:膜境界不良,209,膜境界不良,9:膜境界不良
2-09-01-A1-0279-O,,●,●,1,2024/12/03_11:16:00,M.S.,2024/12/03_11:26:15,,●,,,,,,,,●,●,,,,,,9:膜境界不良,209,膜境界不良,9:膜境界不良
2-09-01-A1-0280-O,,●,●,1,2024/12/03_11:16:05,M.S.,2024/12/03_11:26:15,,●,,,,,,,,●,●,,,,,,9:膜境界不良,209,膜境界不良,9:膜境界不良
2-09-01-A1-0281-O,,●,●,1,2024/12/03_11:16:09,M.S.,2024/12/03_11:26:15,,●,,,,,,,,●,●,,,,,,9:膜境界不良,209,膜境界不良,9:膜境界不良
2-09-01-A1-0282-O,,●,●,1,2024/12/03_11:16:15,M.S.,2024/12/03_11:26:15,,●,,,,,,,,●,●,,,,,,9:膜境界不良,209,膜境界不良,9:膜境界不良
2-09-01-A1-0283-O,,●,●,1,2024/12/03_11:16:45,M.S.,2024/12/03_11:26:15,,●,,,,,,,,●,●,,,,,,9:膜境界不良,209,膜境界不良,9:膜境界不良
2-09-01-A1-0284-O,,●,●,1,2024/12/03_11:16:49,M.S.,2024/12/03_11:26:15,,●,,,,,,,,●,●,,,,,,9:膜境界不良,209,膜境界不良,9:膜境界不良
2-09-01-A1-0285-O,,●,●,1,2024/12/03_11:16:55,M.S.,2024/12/03_11:26:15,,●,,,,,,,,●,●,,,,,,9:膜境界不良,209,膜境界不良,9:膜境界不良
2-09-01-A1-0287-O,,●,●,1,2024/12/03_11:17:03,M.S.,2024/12/03_11:26:15,,●,,,,,,,,●,●,,,,,,9:膜境界不良,209,膜境界不良,9:膜境界不良
2-09-01-A1-0288-O,,●,●,1,2024/12/03_11:17:07,M.S.,2024/12/03_11:26:15,,●,,,,,,,,●,●,,,,,,9:膜境界不良,209,膜境界不良,9:膜境界不良
2-09-01-A1-0289-O,,●,●,1,2024/12/03_11:17:12,M.S.,2024/12/03_11:26:15,,●,,,,,,,,●,●,,,,,,9:膜境界不良,209,膜境界不良,9:膜境界不良
2-09-01-A1-0290-O,,●,●,1,2024/12/03_11:17:22,M.S.,2024/12/03_11:26:15,,,,,,,,,,●,●,,,,,,9:膜境界不良,209,膜境界不良,9:膜境界不良
2-09-01-A1-0291-O,,●,●,1,2024/12/03_11:17:25,M.S.,2024/12/03_11:26:15,,,,,,,,,,●,●,,,,,,9:膜境界不良,209,膜境界不良,9:膜境界不良
2-09-01-A1-0293-O,,●,●,1,2024/12/03_11:17:32,M.S.,2024/12/03_11:26:15,,,,,,,,,,●,●,,,,,,9:膜境界不良,209,膜境界不良,9:膜境界不良
2-09-01-A1-0294-O,,●,●,1,2024/12/03_11:17:35,M.S.,2024/12/03_11:26:15,,,,,,,,,,●,●,,,,,,9:膜境界不良,209,膜境界不良,9:膜境界不良
2-09-01-A1-0295-O,,●,●,1,2024/12/03_11:17:47,M.S.,2024/12/03_11:26:15,,,,,,,,,,●,●,,,,,,9:膜境界不良,209,膜境界不良,9:膜境界不良
2-09-01-A1-0296-O,,●,●,1,2024/12/03_11:17:51,M.S.,2024/12/03_11:26:15,,●,,,,,,,,●,●,,,,,,9:膜境界不良,209,膜境界不良,9:膜境界不良
2-09-01-A1-0297-O,,●,●,1,2024/12/03_11:17:54,M.S.,2024/12/03_11:26:15,,●,,,,,,,,●,,,,,,,9:膜境界不良,209,膜境界不良,9:膜境界不良
2-09-01-A1-0298-O,,●,●,1,2024/12/03_11:17:57,M.S.,2024/12/03_11:26:15,,●,,,,,,,,●,●,,,,,,9:膜境界不良,209,膜境界不良,9:膜境界不良
2-09-01-A1-0299-O,,●,●,1,2024/12/03_11:18:01,M.S.,2024/12/03_11:26:15,,●,,,,,,,,●,●,,,,,,9:膜境界不良,209,膜境界不良,9:膜境界不良
2-09-01-A1-0300-O,,●,●,1,2024/12/03_11:18:08,M.S.,2024/12/03_11:26:15,,●,,,,,,,,●,●,,,,,,9:膜境界不良,209,膜境界不良,9:膜境界不良
2-09-01-A1-0301-O,,●,●,1,2024/12/03_11:18:15,M.S.,2024/12/03_11:26:15,,●,,,,,,,,●,●,,,,,,9:膜境界不良,209,膜境界不良,9:膜境界不良
2-09-01-A1-0302-O,,●,●,1,2024/12/03_11:18:44,M.S.,2024/12/03_11:26:15,,,,,,,,,,●,,,,,,,9:膜境界不良,209,膜境界不良,9:膜境界不良
2-09-01-A1-0303-O,,●,●,1,2024/12/03_11:18:47,M.S.,2024/12/03_11:26:15,,,,,,,,,,●,●,,,,,,9:膜境界不良,209,膜境界不良,9:膜境界不良
2-09-01-A1-0305-O,,●,●,1,2024/12/03_11:18:54,M.S.,2024/12/03_11:26:15,,●,,,,,,,,●,●,,,,,,9:膜境界不良,209,膜境界不良,9:膜境界不良
2-09-01-A1-0306-O,,●,●,1,2024/12/03_11:19:16,M.S.,2024/12/03_11:26:15,,●,,,,,,,,●,●,,,,,,9:膜境界不良,209,膜境界不良,9:膜境界不良
2-09-01-A1-0309-O,,●,●,1,2024/12/03_11:19:27,M.S.,2024/12/03_11:26:15,,●,,,,,,,,●,●,,,,,,9:膜境界不良,209,膜境界不良,9:膜境界不良
2-09-01-A1-0310-O,,●,●,1,2024/12/03_11:19:30,M.S.,2024/12/03_11:26:15,,●,,,,,,,,●,●,,,,,,9:膜境界不良,209,膜境界不良,9:膜境界不良
2-09-01-A1-0311-O,,●,●,1,2024/12/03_11:19:34,M.S.,2024/12/03_11:26:15,,●,,,,,,,,●,●,,,,,,9:膜境界不良,209,膜境界不良,9:膜境界不良
2-09-01-A1-0313-O,,●,●,1,2024/12/03_11:19:40,M.S.,2024/12/03_11:26:15,,●,,,,,,,,●,●,,,,,,9:膜境界不良,209,膜境界不良,9:膜境界不良
2-09-01-A1-0314-O,,●,●,1,2024/12/03_11:19:43,M.S.,2024/12/03_11:26:15,,●,,,,,,,,●,●,,,,,,9:膜境界不良,209,膜境界不良,9:膜境界不良
2-09-01-A1-0315-O,,●,●,1,2024/12/03_11:19:56,M.S.,2024/12/03_11:26:15,,●,,,,,,,,●,●,,,,,,9:膜境界不良,209,膜境界不良,9:膜境界不良
2-09-01-A1-0316-O,,●,●,1,2024/12/03_11:20:00,M.S.,2024/12/03_11:26:15,,●,,,,,,,,●,●,,,,,,9:膜境界不良,209,膜境界不良,9:膜境界不良
2-09-01-A1-0317-O,,●,●,1,2024/12/03_11:20:06,M.S.,2024/12/03_11:26:15,,●,,,,,,,,●,●,,,,,,9:膜境界不良,209,膜境界不良,9:膜境界不良
2-09-01-A1-0318-O,,●,●,1,2024/12/03_11:20:27,M.S.,2024/12/03_11:26:15,,●,,,,,,,,●,●,,,,,,9:膜境界不良,209,膜境界不良,9:膜境界不良
2-09-01-A1-0319-O,,●,●,1,2024/12/03_11:20:30,M.S.,2024/12/03_11:26:15,,●,,,,,,,,●,●,,,,,,9:膜境界不良,209,膜境界不良,9:膜境界不良
2-09-01-A1-0320-O,,●,●,1,2024/12/03_11:20:34,M.S.,2024/12/03_11:26:15,,●,,,,,,,,●,●,,,,,,9:膜境界不良,209,膜境界不良,9:膜境界不良
2-09-01-A1-0321-O,,●,●,1,2024/12/03_11:20:38,M.S.,2024/12/03_11:26:15,,●,,,,,,,,●,●,,,,,,9:膜境界不良,209,膜境界不良,9:膜境界不良
2-09-01-A1-0322-O,,●,●,1,2024/12/03_11:20:42,M.S.,2024/12/03_11:26:15,,●,,,,,,,,●,●,,,,,,9:膜境界不良,209,膜境界不良,9:膜境界不良
2-09-01-A1-0323-O,,●,●,1,2024/12/03_11:20:46,M.S.,2024/12/03_11:26:15,,●,,,,,,,,●,●,,,,,,9:膜境界不良,209,膜境界不良,9:膜境界不良
2-09-01-A1-0325-O,,●,●,1,2024/12/03_11:21:04,M.S.,2024/12/03_11:26:15,,●,,,,,,,,●,●,,,,,,9:膜境界不良,209,膜境界不良,9:膜境界不良
2-09-01-A1-0326-O,,●,●,1,2024/12/03_11:21:07,M.S.,2024/12/03_11:26:15,,●,,,,,,,,●,●,,,,,,9:膜境界不良,209,膜境界不良,9:膜境界不良
2-09-01-A1-0327-O,,●,●,1,2024/12/03_11:21:09,M.S.,2024/12/03_11:26:15,,●,,,,,,,,●,●,,,,,,9:膜境界不良,209,膜境界不良,9:膜境界不良
2-09-01-A1-0328-O,,●,●,1,2024/12/03_11:21:40,M.S.,2024/12/03_11:26:15,,●,,,,,,,,●,●,,,,,,9:膜境界不良,209,膜境界不良,9:膜境界不良
2-09-01-A1-0331-O,,●,●,2,2024/12/03_11:21:52,M.S.,2024/12/03_11:26:15,,●,,,,,,,,●,●,,,,,,9:膜境界不良,209,膜境界不良,9:膜境界不良
2-09-01-A1-0332-O,,●,●,1,2024/12/03_11:21:56,M.S.,2024/12/03_11:26:15,,●,,,,,,,,●,●,,,,,,9:膜境界不良,209,膜境界不良,9:膜境界不良
2-09-01-A1-0333-O,,●,●,1,2024/12/03_11:21:59,M.S.,2024/12/03_11:26:15,,●,,,,,,,,●,●,,,,,,9:膜境界不良,209,膜境界不良,9:膜境界不良
2-09-01-A1-0334-O,,●,●,1,2024/12/03_11:22:03,M.S.,2024/12/03_11:26:15,,●,,,,,,,,●,●,,,,,,9:膜境界不良,209,膜境界不良,9:膜境界不良
2-09-01-A1-0335-O,,●,●,1,2024/12/03_11:22:06,M.S.,2024/12/03_11:26:15,,●,,,,,,,,●,●,,,,,,9:膜境界不良,209,膜境界不良,9:膜境界不良
2-09-01-A1-0336-O,,●,●,1,2024/12/03_11:22:08,M.S.,2024/12/03_11:26:15,,●,,,,,,,,●,●,,,,,,9:膜境界不良,209,膜境界不良,9:膜境界不良
2-09-01-A1-0337-O,,●,●,1,2024/12/03_11:22:11,M.S.,2024/12/03_11:26:15,,●,,,,,,,,●,●,,,,,,9:膜境界不良,209,膜境界不良,9:膜境界不良
2-09-01-A1-0339-O,,●,●,1,2024/12/03_11:22:34,M.S.,2024/12/03_11:26:15,,●,,,,,,,,●,,,,,,,9:膜境界不良,209,膜境界不良,9:膜境界不良
2-09-01-A1-0340-O,,●,●,1,2024/12/03_11:22:38,M.S.,2024/12/03_11:26:15,,●,,,,,,,,●,,,,,,,9:膜境界不良,209,膜境界不良,9:膜境界不良
2-09-01-A1-0341-O,,●,●,1,2024/12/03_11:22:41,M.S.,2024/12/03_11:26:15,,●,,,,,,,,●,●,,,,,,9:膜境界不良,209,膜境界不良,9:膜境界不良
2-09-01-A1-0342-O,,●,●,1,2024/12/03_11:22:44,M.S.,2024/12/03_11:26:15,,●,,,,,,,,●,●,,,,,,9:膜境界不良,209,膜境界不良,9:膜境界不良
2-09-01-A1-0343-O,,●,●,1,2024/12/03_11:22:47,M.S.,2024/12/03_11:26:15,,●,,,,,,,,●,●,,,,,,9:膜境界不良,209,膜境界不良,9:膜境界不良
2-09-01-A1-0346-O,,●,●,1,2024/12/03_11:22:58,M.S.,2024/12/03_11:26:15,,●,,,,,,,,●,●,,,,,,9:膜境界不良,209,膜境界不良,9:膜境界不良
2-09-01-A1-0347-O,,●,●,1,2024/12/03_11:23:00,M.S.,2024/12/03_11:26:15,,●,,,,,,,,●,●,,,,,,9:膜境界不良,209,膜境界不良,9:膜境界不良
2-09-01-A1-0348-O,,●,●,1,2024/12/03_11:23:03,M.S.,2024/12/03_11:26:15,,●,,,,,,,,●,●,,,,,,9:膜境界不良,209,膜境界不良,9:膜境界不良
2-09-01-A1-0349-O,,●,●,1,2024/12/03_11:23:06,M.S.,2024/12/03_11:26:15,,●,,,,,,,,●,●,,,,,,9:膜境界不良,209,膜境界不良,9:膜境界不良
2-09-01-A1-0350-O,,●,●,1,2024/12/03_11:23:08,M.S.,2024/12/03_11:26:15,,●,,,,,,,,●,●,,,,,,9:膜境界不良,209,膜境界不良,9:膜境界不良
2-09-01-A1-0353-O,,●,●,1,2024/12/03_11:23:20,M.S.,2024/12/03_11:26:15,,●,,,,,,,,●,●,,,,,,9:膜境界不良,209,膜境界不良,9:膜境界不良
2-09-01-A1-0365-O,,●,●,1,2024/12/03_11:23:58,M.S.,2024/12/03_11:26:15,,●,,,,,,,,●,●,,,,,,9:膜境界不良,209,膜境界不良,9:膜境界不良
2-09-01-A1-0366-O,,●,●,1,2024/12/03_11:24:04,M.S.,2024/12/03_11:26:15,,●,,,,,,,,●,●,,,,,,9:膜境界不良,209,膜境界不良,9:膜境界不良
2-09-01-A1-0367-O,,●,●,1,2024/12/03_11:24:06,M.S.,2024/12/03_11:26:15,,●,,,,,,,,●,●,,,,,,9:膜境界不良,209,膜境界不良,9:膜境界不良
2-09-01-A1-0368-O,,●,●,1,2024/12/03_11:24:12,M.S.,2024/12/03_11:26:15,,●,,,,,,,,●,,,,,,,9:膜境界不良,209,膜境界不良,9:膜境界不良
2-09-01-A1-0369-O,,●,●,1,2024/12/03_11:24:16,M.S.,2024/12/03_11:26:15,,●,,,,,,,,●,,,,,,,9:膜境界不良,209,膜境界不良,9:膜境界不良
2-09-01-A1-0370-O,,●,●,1,2024/12/03_11:24:19,M.S.,2024/12/03_11:26:15,,●,,,,,,,,●,,,,,,,9:膜境界不良,209,膜境界不良,9:膜境界不良
2-09-01-A1-0371-O,,●,●,1,2024/12/03_11:24:23,M.S.,2024/12/03_11:26:15,,●,,,,,,,,●,●,,,,,,9:膜境界不良,209,膜境界不良,9:膜境界不良
2-09-01-A1-0372-O,,●,●,1,2024/12/03_11:24:26,M.S.,2024/12/03_11:26:15,,●,,,,,,,,●,●,,,,,,9:膜境界不良,209,膜境界不良,9:膜境界不良
2-09-01-A1-0373-O,,●,●,1,2024/12/03_11:24:29,M.S.,2024/12/03_11:26:15,,●,,,,,,,,●,●,,,,,,9:膜境界不良,209,膜境界不良,9:膜境界不良
2-09-01-A1-0374-O,,●,●,1,2024/12/03_11:24:32,M.S.,2024/12/03_11:26:15,,●,,,,,,,,●,●,,,,,,9:膜境界不良,209,膜境界不良,9:膜境界不良
2-09-01-A1-0375-O,,●,●,1,2024/12/03_11:24:35,M.S.,2024/12/03_11:26:15,,●,,,,,,,,●,●,,,,,,9:膜境界不良,209,膜境界不良,9:膜境界不良
2-09-01-A1-0376-O,,●,●,1,2024/12/03_11:25:33,M.S.,2024/12/03_11:26:15,,●,,,,,,,,●,●,,,,,,9:膜境界不良,209,膜境界不良,9:膜境界不良
2-09-01-A1-0377-O,,●,●,1,2024/12/03_11:25:36,M.S.,2024/12/03_11:26:15,,●,,,,,,,,●,●,,,,,,9:膜境界不良,209,膜境界不良,9:膜境界不良
2-09-01-A1-0378-O,,●,●,1,2024/12/03_11:25:38,M.S.,2024/12/03_11:26:15,,●,,,,,,,,●,●,,,,,,9:膜境界不良,209,膜境界不良,9:膜境界不良
2-09-01-A1-0379-O,,●,●,1,2024/12/03_11:25:40,M.S.,2024/12/03_11:26:15,,●,,,,,,,,●,●,,,,,,9:膜境界不良,209,膜境界不良,9:膜境界不良
2-09-01-A1-0380-O,,●,●,1,2024/12/03_11:25:43,M.S.,2024/12/03_11:26:15,,●,,,,,,,,●,●,,,,,,9:膜境界不良,209,膜境界不良,9:膜境界不良
2-09-01-A1-0381-O,,●,●,1,2024/12/03_11:25:45,M.S.,2024/12/03_11:26:15,,●,,,,,,,,●,●,,,,,,9:膜境界不良,209,膜境界不良,9:膜境界不良
2-09-01-A1-0382-O,,●,●,1,2024/12/03_11:25:48,M.S.,2024/12/03_11:26:15,,●,,,,,,,,●,●,,,,,,9:膜境界不良,209,膜境界不良,9:膜境界不良
2-09-01-A1-0383-O,,●,●,1,2024/12/03_11:25:50,M.S.,2024/12/03_11:26:15,,●,,,,,,,,●,●,,,,,,9:膜境界不良,209,膜境界不良,9:膜境界不良
2-09-01-A1-0384-O,,●,●,1,2024/12/03_11:25:53,M.S.,2024/12/03_11:26:15,,●,,,,,,,,●,●,,,,,,9:膜境界不良,209,膜境界不良,9:膜境界不良
2-09-01-A1-0385-O,,●,●,2,2025/01/06_15:42:48,M.S.,2025/01/06_15:43:13,,●,,,,,,,●,●,●,,,,,,9:膜境界不良,209,膜境界不良,9:膜境界不良
2-09-01-A1-0386-O,,●,●,1,2024/12/03_11:25:58,M.S.,2024/12/03_11:26:15,,●,,,,,,,,●,●,,,,,,9:膜境界不良,209,膜境界不良,9:膜境界不良
2-09-01-A1-0387-O,,●,●,1,2024/12/03_11:26:00,M.S.,2024/12/03_11:26:15,,●,,,,,,,,●,●,,,,,,9:膜境界不良,209,膜境界不良,9:膜境界不良
2-09-01-A1-0388-O,,●,●,1,2024/12/03_11:26:03,M.S.,2024/12/03_11:26:15,,●,,,,,,,,●,●,,,,,,9:膜境界不良,209,膜境界不良,9:膜境界不良
2-09-01-A1-0389-O,,●,●,1,2024/12/03_11:26:05,M.S.,2024/12/03_11:26:15,,●,,,,,,,,●,●,,,,,,9:膜境界不良,209,膜境界不良,9:膜境界不良
2-09-01-A1-0390-O,,●,●,1,2024/12/03_11:26:07,M.S.,2024/12/03_11:26:15,,●,,,,,,,,●,●,,,,,,9:膜境界不良,209,膜境界不良,9:膜境界不良
2-09-01-A1-0391-O,,●,●,1,2024/12/03_11:26:10,M.S.,2024/12/03_11:26:15,,●,,,,,,,,●,●,,,,,,9:膜境界不良,209,膜境界不良,9:膜境界不良
2-09-02-A1-0047-O,,●,●,1,2024/12/03_12:58:48,M.S.,2024/12/03_13:50:29,,,,,,,,,,●,,,,,,,9:膜境界不良,209,膜境界不良,9:膜境界不良
2-09-02-A1-0048-O,,●,●,1,2024/12/03_12:58:50,M.S.,2024/12/03_13:50:29,,,,,,,,,,●,,,,,,,9:膜境界不良,209,膜境界不良,9:膜境界不良
2-09-02-A1-0049-O,,●,●,1,2024/12/03_12:58:58,M.S.,2024/12/03_13:50:29,,,,,,,,,,●,,,,,,,9:膜境界不良,209,膜境界不良,9:膜境界不良
2-09-02-A1-0075-O,,●,●,2,2024/12/03_13:00:22,M.S.,2024/12/03_13:50:29,,●,,,,,,,,●,,,,,,,9:膜境界不良,209,膜境界不良,9:膜境界不良
2-09-02-A1-0076-O,,●,●,1,2024/12/03_13:00:26,M.S.,2024/12/03_13:50:29,,,,,,,,,,●,,,,,,,9:膜境界不良,209,膜境界不良,9:膜境界不良
2-09-02-A1-0077-O,,●,●,1,2024/12/03_13:00:29,M.S.,2024/12/03_13:50:29,,,,,,,,,,●,,,,,,,9:膜境界不良,209,膜境界不良,9:膜境界不良
2-09-02-A1-0085-O,,●,●,2,2024/12/03_13:00:58,M.S.,2024/12/03_13:50:29,,●,,,,,,,,●,●,,,,,,9:膜境界不良,209,膜境界不良,9:膜境界不良
2-09-02-A1-0086-O,,●,●,1,2024/12/03_13:01:05,M.S.,2024/12/03_13:50:29,,●,,,,,,,,●,●,,,,,,9:膜境界不良,209,膜境界不良,9:膜境界不良
2-09-02-A1-0090-O,,●,●,1,2024/12/03_13:01:24,M.S.,2024/12/03_13:50:29,,,,,,,,,,●,,,,,,,9:膜境界不良,209,膜境界不良,9:膜境界不良
2-09-02-A1-0091-O,,●,●,1,2024/12/03_13:01:31,M.S.,2024/12/03_13:50:29,,,,,,,,,,●,●,,,,,,9:膜境界不良,209,膜境界不良,9:膜境界不良
2-09-02-A1-0095-O,,●,●,1,2024/12/03_13:01:46,M.S.,2024/12/03_13:50:29,,●,,,,,,,,●,●,,,,,,9:膜境界不良,209,膜境界不良,9:膜境界不良
2-09-02-A1-0096-O,,●,●,1,2024/12/03_13:01:53,M.S.,2024/12/03_13:50:29,,●,,,,,,,,●,●,,,,,,9:膜境界不良,209,膜境界不良,9:膜境界不良
2-09-02-A1-0103-O,,●,●,2,2025/01/06_13:59:01,M.S.,2025/01/06_14:19:28,,●,,,,,,,,●,,,,,,,9:膜境界不良,209,膜境界不良,9:膜境界不良
2-09-02-A1-0104-O,,●,●,1,2024/12/03_13:04:40,M.S.,2024/12/03_13:50:29,,●,,,,,,,,●,,,,,,,9:膜境界不良,209,膜境界不良,9:膜境界不良
2-09-02-A1-0105-O,,●,●,1,2024/12/03_13:04:47,M.S.,2024/12/03_13:50:29,,●,,,,,,,,●,,,●,,,,9:膜境界不良,209,膜境界不良,9:膜境界不良
2-09-02-A1-0106-O,,●,●,1,2024/12/03_13:04:55,M.S.,2024/12/03_13:50:29,,,,,,,,,,●,,,●,,,,9:膜境界不良,209,膜境界不良,9:膜境界不良
2-09-02-A1-0107-O,,●,●,2,2024/12/03_13:06:19,M.S.,2024/12/03_13:50:29,,●,,,,,,,,●,,,●,,,,9:膜境界不良,209,膜境界不良,9:膜境界不良
2-09-02-A1-0108-O,,●,●,2,2024/12/03_13:06:21,M.S.,2024/12/03_13:50:29,,,,,,,,,,●,,,,,,,9:膜境界不良,209,膜境界不良,9:膜境界不良
2-09-02-A1-0109-O,,●,●,2,2024/12/03_13:06:23,M.S.,2024/12/03_13:50:29,,,,,,,,,,●,,,,,,,9:膜境界不良,209,膜境界不良,9:膜境界不良
2-09-02-A1-0110-O,,●,●,2,2024/12/03_13:06:25,M.S.,2024/12/03_13:50:29,,,,,,,,,,●,,,,,,,9:膜境界不良,209,膜境界不良,9:膜境界不良
2-09-02-A1-0111-O,,●,●,2,2024/12/03_13:06:28,M.S.,2024/12/03_13:50:29,,,,,,,,,,●,,,,,,,9:膜境界不良,209,膜境界不良,9:膜境界不良
2-09-02-A1-0112-O,,●,●,2,2024/12/03_13:06:31,M.S.,2024/12/03_13:50:29,,,,,,,,,,●,●,,,,,,9:膜境界不良,209,膜境界不良,9:膜境界不良
2-09-02-A1-0113-O,,●,●,2,2024/12/03_13:06:34,M.S.,2024/12/03_13:50:29,,,,,,,,,,●,,,,,,,9:膜境界不良,209,膜境界不良,9:膜境界不良
2-09-02-A1-0114-O,,●,●,2,2024/12/03_13:06:38,M.S.,2024/12/03_13:50:29,,,,,,,,,,●,,,,,,,9:膜境界不良,209,膜境界不良,9:膜境界不良
2-09-02-A1-0115-O,,●,●,1,2024/12/03_13:06:52,M.S.,2024/12/03_13:50:29,,,,,,,,,,●,,,,,,,9:膜境界不良,209,膜境界不良,9:膜境界不良
2-09-02-A1-0116-O,,●,●,1,2024/12/03_13:06:54,M.S.,2024/12/03_13:50:29,,,,,,,,,,●,,,,,,,9:膜境界不良,209,膜境界不良,9:膜境界不良
2-09-02-A1-0117-O,,●,●,1,2024/12/03_13:06:58,M.S.,2024/12/03_13:50:29,,,,,,,,,,●,●,,,,,,9:膜境界不良,209,膜境界不良,9:膜境界不良
2-09-02-A1-0118-O,,●,●,1,2024/12/03_13:07:01,M.S.,2024/12/03_13:50:29,,,,,,,,,,●,,,,,,,9:膜境界不良,209,膜境界不良,9:膜境界不良
2-09-02-A1-0119-O,,●,●,1,2024/12/03_13:07:12,M.S.,2024/12/03_13:50:29,,,,,,,,,,●,,,,,,,9:膜境界不良,209,膜境界不良,9:膜境界不良
2-09-02-A1-0120-O,,●,●,1,2024/12/03_13:07:15,M.S.,2024/12/03_13:50:29,,,,,,,,,,●,,,,,,,9:膜境界不良,209,膜境界不良,9:膜境界不良
2-09-02-A1-0123-O,,●,●,1,2024/12/03_13:08:47,M.S.,2024/12/03_13:50:29,,●,,,,,,,,●,,,,,,,9:膜境界不良,209,膜境界不良,9:膜境界不良
2-09-02-A1-0124-O,,●,●,1,2024/12/03_13:08:52,M.S.,2024/12/03_13:50:29,,●,,,,,,,,●,,,,,,,9:膜境界不良,209,膜境界不良,9:膜境界不良
2-09-02-A1-0125-O,,●,●,1,2024/12/03_13:08:56,M.S.,2024/12/03_13:50:29,,,,,,,,,,●,●,,,,,,9:膜境界不良,209,膜境界不良,9:膜境界不良
2-09-02-A1-0126-O,,●,●,1,2024/12/03_13:09:02,M.S.,2024/12/03_13:50:29,,,,,,,,,,●,●,,,,,,9:膜境界不良,209,膜境界不良,9:膜境界不良
2-09-02-A1-0127-O,,●,●,1,2024/12/03_13:09:23,M.S.,2024/12/03_13:50:29,,,,,,,,,,●,,,,,,,9:膜境界不良,209,膜境界不良,9:膜境界不良
2-09-02-A1-0128-O,,●,●,1,2024/12/03_13:09:26,M.S.,2024/12/03_13:50:29,,,,,,,,,,●,,,,,,,9:膜境界不良,209,膜境界不良,9:膜境界不良
2-09-02-A1-0129-O,,●,●,1,2024/12/03_13:10:30,M.S.,2024/12/03_13:50:29,,,,,,,,,,●,,,,,,,9:膜境界不良,209,膜境界不良,9:膜境界不良
2-09-02-A1-0130-O,,●,●,1,2024/12/03_13:10:34,M.S.,2024/12/03_13:50:29,,●,,,,,,,,●,,,,,,,9:膜境界不良,209,膜境界不良,9:膜境界不良
2-09-02-A1-0131-O,,●,●,1,2024/12/03_13:10:40,M.S.,2024/12/03_13:50:29,,●,,,,,,,,●,,,,,,,9:膜境界不良,209,膜境界不良,9:膜境界不良
2-09-02-A1-0132-O,,●,●,1,2024/12/03_13:10:46,M.S.,2024/12/03_13:50:29,,●,,,,,,,,●,●,,,,,,9:膜境界不良,209,膜境界不良,9:膜境界不良
2-09-02-A1-0141-O,,●,●,1,2024/12/03_13:12:01,M.S.,2024/12/03_13:50:29,,,,,,,,,,●,,,,,,,9:膜境界不良,209,膜境界不良,9:膜境界不良
2-09-02-A1-0142-O,,●,●,1,2024/12/03_13:12:05,M.S.,2024/12/03_13:50:29,,●,,,,,,,,●,,,,,,,9:膜境界不良,209,膜境界不良,9:膜境界不良
2-09-02-A1-0144-O,,●,●,2,2024/12/03_13:12:17,M.S.,2024/12/03_13:50:29,,●,,,,,,,,●,●,,,,,,9:膜境界不良,209,膜境界不良,9:膜境界不良
2-09-02-A1-0145-O,,●,●,1,2024/12/03_13:12:20,M.S.,2024/12/03_13:50:29,,,,,,,,,,●,,,,,,,9:膜境界不良,209,膜境界不良,9:膜境界不良
2-09-02-A1-0304-O,,●,●,2,2024/12/03_13:22:05,M.S.,2024/12/03_13:50:29,,●,,,,,,,,●,●,,,,,,9:膜境界不良,209,膜境界不良,9:膜境界不良
2-09-02-A1-0318-O,,●,●,1,2024/12/03_13:26:59,M.S.,2024/12/03_13:50:29,,●,,,,,,,,●,,,,,,,9:膜境界不良,209,膜境界不良,9:膜境界不良
2-09-02-A1-0325-O,,●,●,1,2024/12/03_13:36:29,M.S.,2024/12/03_13:50:29,,●,,,,,,,,●,●,,,,,,9:膜境界不良,209,膜境界不良,9:膜境界不良
2-09-02-A1-0326-O,,●,●,1,2024/12/03_13:36:33,M.S.,2024/12/03_13:50:29,,●,,,,,,,,●,●,,,,,,9:膜境界不良,209,膜境界不良,9:膜境界不良
2-09-02-A1-0327-O,,●,●,1,2024/12/03_13:36:36,M.S.,2024/12/03_13:50:29,,●,,,,,,,,●,●,,,,,,9:膜境界不良,209,膜境界不良,9:膜境界不良
2-09-02-A1-0328-O,,●,●,1,2024/12/03_13:36:39,M.S.,2024/12/03_13:50:29,,●,,,,,,,,●,●,,,,,,9:膜境界不良,209,膜境界不良,9:膜境界不良
2-09-02-A1-0329-O,,●,●,1,2024/12/03_13:36:49,M.S.,2024/12/03_13:50:29,,●,,,,,,,,●,●,,,,,,9:膜境界不良,209,膜境界不良,9:膜境界不良
2-09-02-A1-0340-O,,●,●,1,2024/12/03_13:40:49,M.S.,2024/12/03_13:50:29,,●,,,,,,,,●,●,,,,,,9:膜境界不良,209,膜境界不良,9:膜境界不良
2-09-02-A1-0342-O,,●,●,1,2024/12/03_13:40:58,M.S.,2024/12/03_13:50:29,,●,,,,,,,,●,●,,,,,,9:膜境界不良,209,膜境界不良,9:膜境界不良
2-09-02-A1-0346-O,,●,●,1,2024/12/03_13:42:30,M.S.,2024/12/03_13:50:29,,●,,,,,,,,●,●,,,,,,9:膜境界不良,209,膜境界不良,9:膜境界不良
2-09-02-A1-0347-O,,●,●,1,2024/12/03_13:43:20,M.S.,2024/12/03_13:50:29,,●,,,,,,,,●,,,,,,,9:膜境界不良,209,膜境界不良,9:膜境界不良
2-09-02-A1-0348-O,,●,●,1,2024/12/03_13:43:25,M.S.,2024/12/03_13:50:29,,●,,,,,,,,●,●,,,,,,9:膜境界不良,209,膜境界不良,9:膜境界不良
2-09-02-A1-0349-O,,●,●,1,2024/12/03_13:43:29,M.S.,2024/12/03_13:50:29,,●,,,,,,,,●,●,,,,,,9:膜境界不良,209,膜境界不良,9:膜境界不良
2-09-02-A1-0350-O,,●,●,1,2024/12/03_13:43:35,M.S.,2024/12/03_13:50:29,,●,,,,,,,,●,●,,,,,,9:膜境界不良,209,膜境界不良,9:膜境界不良
2-09-02-A1-0351-O,,●,●,1,2024/12/03_13:43:58,M.S.,2024/12/03_13:50:29,,●,,,,,,,,●,●,,,,,,9:膜境界不良,209,膜境界不良,9:膜境界不良
2-09-02-A1-0352-O,,●,●,1,2024/12/03_13:44:04,M.S.,2024/12/03_13:50:29,,●,,,,,,,,●,●,,,,,,9:膜境界不良,209,膜境界不良,9:膜境界不良
2-09-02-A1-0353-O,,●,●,1,2024/12/03_13:44:08,M.S.,2024/12/03_13:50:29,,●,,,,,,,,●,●,,,,,,9:膜境界不良,209,膜境界不良,9:膜境界不良
2-09-02-A1-0354-O,,●,●,1,2024/12/03_13:44:12,M.S.,2024/12/03_13:50:29,,●,,,,,,,,●,●,,,,,,9:膜境界不良,209,膜境界不良,9:膜境界不良
2-09-02-A1-0355-O,,●,●,1,2024/12/03_13:44:16,M.S.,2024/12/03_13:50:29,,●,,,,,,,,●,●,,,,,,9:膜境界不良,209,膜境界不良,9:膜境界不良
2-09-02-A1-0356-O,,●,●,1,2024/12/03_13:44:20,M.S.,2024/12/03_13:50:29,,●,,,,,,,,●,●,,,,,,9:膜境界不良,209,膜境界不良,9:膜境界不良
2-09-02-A1-0357-O,,●,●,1,2024/12/03_13:44:23,M.S.,2024/12/03_13:50:29,,●,,,,,,,,●,●,,,,,,9:膜境界不良,209,膜境界不良,9:膜境界不良
2-09-02-A1-0358-O,,●,●,1,2024/12/03_13:44:35,M.S.,2024/12/03_13:50:29,,●,,,,,,,,●,●,,,,,,9:膜境界不良,209,膜境界不良,9:膜境界不良
2-09-02-A1-0365-O,,●,●,1,2024/12/03_13:46:48,M.S.,2024/12/03_13:50:29,,,,,,,,,,●,●,,,,,,9:膜境界不良,209,膜境界不良,9:膜境界不良
2-09-02-A1-0366-O,,●,●,1,2024/12/03_13:46:51,M.S.,2024/12/03_13:50:29,,●,,,,,,,,●,●,,,,,,9:膜境界不良,209,膜境界不良,9:膜境界不良
2-09-02-A1-0367-O,,●,●,1,2024/12/03_13:46:57,M.S.,2024/12/03_13:50:29,,●,,,,,,,,●,●,,,,,,9:膜境界不良,209,膜境界不良,9:膜境界不良
2-09-02-A1-0368-O,,●,●,1,2024/12/03_13:47:01,M.S.,2024/12/03_13:50:29,,●,,,,,,,,●,●,,,,,,9:膜境界不良,209,膜境界不良,9:膜境界不良
2-09-02-A1-0369-O,,●,●,1,2024/12/03_13:47:05,M.S.,2024/12/03_13:50:29,,●,,,,,,,,●,●,,,,,,9:膜境界不良,209,膜境界不良,9:膜境界不良
2-09-02-A1-0370-O,,●,●,1,2024/12/03_13:47:10,M.S.,2024/12/03_13:50:29,,●,,,,,,,,●,●,,,,,,9:膜境界不良,209,膜境界不良,9:膜境界不良
2-09-02-A1-0371-O,,●,●,1,2024/12/03_13:47:14,M.S.,2024/12/03_13:50:29,,●,,,,,,,,●,●,,,,,,9:膜境界不良,209,膜境界不良,9:膜境界不良
2-09-02-A1-0372-O,,●,●,1,2024/12/03_13:47:18,M.S.,2024/12/03_13:50:29,,●,,,,,,,,●,●,,,,,,9:膜境界不良,209,膜境界不良,9:膜境界不良
2-09-02-A1-0373-O,,●,●,1,2024/12/03_13:47:21,M.S.,2024/12/03_13:50:29,,●,,,,,,,,●,●,,,,,,9:膜境界不良,209,膜境界不良,9:膜境界不良
2-09-02-A1-0374-O,,●,●,1,2024/12/03_13:47:25,M.S.,2024/12/03_13:50:29,,●,,,,,,,,●,●,,,,,,9:膜境界不良,209,膜境界不良,9:膜境界不良
2-09-02-A1-0375-O,,●,●,1,2024/12/03_13:47:35,M.S.,2024/12/03_13:50:29,,●,,,,,,,,●,●,,,,,,9:膜境界不良,209,膜境界不良,9:膜境界不良
2-09-02-A1-0376-O,,●,●,1,2024/12/03_13:47:40,M.S.,2024/12/03_13:50:29,,●,,,,,,,,●,●,,,,,,9:膜境界不良,209,膜境界不良,9:膜境界不良
2-09-02-A1-0377-O,,●,●,1,2024/12/03_13:47:43,M.S.,2024/12/03_13:50:29,,●,,,,,,,,●,●,,,,,,9:膜境界不良,209,膜境界不良,9:膜境界不良
2-09-02-A1-0378-O,,●,●,1,2024/12/03_13:47:48,M.S.,2024/12/03_13:50:29,,●,,,,,,,,●,●,,,,,,9:膜境界不良,209,膜境界不良,9:膜境界不良
2-09-02-A1-0379-O,,●,●,1,2024/12/03_13:47:52,M.S.,2024/12/03_13:50:29,,●,,,,,,,,●,●,,,,,,9:膜境界不良,209,膜境界不良,9:膜境界不良
2-09-02-A1-0380-O,,●,●,1,2024/12/03_13:47:57,M.S.,2024/12/03_13:50:29,,●,,,,,,,,●,●,,,,,,9:膜境界不良,209,膜境界不良,9:膜境界不良
2-09-02-A1-0381-O,,●,●,1,2024/12/03_13:48:00,M.S.,2024/12/03_13:50:29,,●,,,,,,,,●,●,,,,,,9:膜境界不良,209,膜境界不良,9:膜境界不良
2-09-02-A1-0382-O,,●,●,1,2024/12/03_13:48:06,M.S.,2024/12/03_13:50:29,,●,,,,,,,,●,●,,,,,,9:膜境界不良,209,膜境界不良,9:膜境界不良
2-09-02-A1-0383-O,,●,●,1,2024/12/03_13:48:09,M.S.,2024/12/03_13:50:29,,●,,,,,,,,●,●,,,,,,9:膜境界不良,209,膜境界不良,9:膜境界不良
2-09-02-A1-0384-O,,●,●,1,2024/12/03_13:48:14,M.S.,2024/12/03_13:50:29,,●,,,,,,,,●,●,,,,,,9:膜境界不良,209,膜境界不良,9:膜境界不良
2-09-02-A1-0385-O,,●,●,1,2024/12/03_13:48:19,M.S.,2024/12/03_13:50:29,,●,,,,,,,,●,●,,,,,,9:膜境界不良,209,膜境界不良,9:膜境界不良
2-09-02-A1-0386-O,,●,●,1,2024/12/03_13:48:23,M.S.,2024/12/03_13:50:29,,●,,,,,,,,●,●,,,,,,9:膜境界不良,209,膜境界不良,9:膜境界不良
2-09-02-A1-0387-O,,●,●,1,2024/12/03_13:48:27,M.S.,2024/12/03_13:50:29,,●,,,,,,,,●,●,,,,,,9:膜境界不良,209,膜境界不良,9:膜境界不良
2-09-02-A1-0388-O,,●,●,1,2024/12/03_13:48:31,M.S.,2024/12/03_13:50:29,,●,,,,,,,,●,●,,,,,,9:膜境界不良,209,膜境界不良,9:膜境界不良
2-09-02-A1-0389-O,,●,●,1,2024/12/03_13:48:35,M.S.,2024/12/03_13:50:29,,●,,,,,,,,●,●,,,,,,9:膜境界不良,209,膜境界不良,9:膜境界不良
2-09-02-A1-0390-O,,●,●,1,2024/12/03_13:48:38,M.S.,2024/12/03_13:50:29,,●,,,,,,,,●,●,,,,,,9:膜境界不良,209,膜境界不良,9:膜境界不良
2-09-02-A1-0391-O,,●,●,1,2024/12/03_13:48:41,M.S.,2024/12/03_13:50:29,,●,,,,,,,,●,●,,,,,,9:膜境界不良,209,膜境界不良,9:膜境界不良
2-09-02-A1-0392-O,,●,●,1,2024/12/03_13:48:46,M.S.,2024/12/03_13:50:29,,●,,,,,,,,●,●,,,,,,9:膜境界不良,209,膜境界不良,9:膜境界不良
2-09-02-A1-0393-O,,●,●,1,2024/12/03_13:48:51,M.S.,2024/12/03_13:50:29,,●,,,,,,,,●,●,,,,,,9:膜境界不良,209,膜境界不良,9:膜境界不良
2-09-02-A1-0394-O,,●,●,1,2024/12/03_13:48:56,M.S.,2024/12/03_13:50:29,,●,,,,,,,,●,●,,,,,,9:膜境界不良,209,膜境界不良,9:膜境界不良
2-09-02-A1-0395-O,,●,●,1,2024/12/03_13:49:00,M.S.,2024/12/03_13:50:29,,●,,,,,,,,●,●,,,,,,9:膜境界不良,209,膜境界不良,9:膜境界不良
2-09-02-A1-0396-O,,●,●,1,2024/12/03_13:49:05,M.S.,2024/12/03_13:50:29,,●,,,,,,,,●,●,,,,,,9:膜境界不良,209,膜境界不良,9:膜境界不良
2-09-02-A1-0397-O,,●,●,1,2024/12/03_13:49:52,M.S.,2024/12/03_13:50:29,,●,,,,,,,,●,●,,,,,,9:膜境界不良,209,膜境界不良,9:膜境界不良
2-09-02-A1-0398-O,,●,●,1,2024/12/03_13:49:55,M.S.,2024/12/03_13:50:29,,●,,,,,,,,●,●,,,,,,9:膜境界不良,209,膜境界不良,9:膜境界不良
2-09-02-A1-0399-O,,●,●,1,2024/12/03_13:49:59,M.S.,2024/12/03_13:50:29,,●,,,,,,,,●,●,,,,,,9:膜境界不良,209,膜境界不良,9:膜境界不良
2-09-02-A1-0400-O,,●,●,1,2024/12/03_13:50:02,M.S.,2024/12/03_13:50:29,,●,,,,,,,,●,●,,,,,,9:膜境界不良,209,膜境界不良,9:膜境界不良
2-09-02-A1-0401-O,,●,●,1,2024/12/03_13:50:06,M.S.,2024/12/03_13:50:29,,●,,,,,,,,●,●,,,,,,9:膜境界不良,209,膜境界不良,9:膜境界不良
2-09-02-A1-0402-O,,●,●,1,2024/12/03_13:50:14,M.S.,2024/12/03_13:50:29,,●,,,,,,,,●,,,,,,,9:膜境界不良,209,膜境界不良,9:膜境界不良
2-09-02-A1-0403-O,,●,●,1,2024/12/03_13:50:18,M.S.,2024/12/03_13:50:29,,●,,,,,,,,●,●,,,,,,9:膜境界不良,209,膜境界不良,9:膜境界不良
2-09-02-A1-0404-O,,●,●,2,2024/12/03_13:50:23,M.S.,2024/12/03_13:50:29,,●,,,,,,,,●,●,,,,,,9:膜境界不良,209,膜境界不良,9:膜境界不良
